config,prompt,correct,tokens,forwards
acc85/semi70,gsm8k/0,1,178,33
acc85/semi70,gsm8k/1,1,258,48
acc85/semi70,gsm8k/2,1,1306,243
acc85/semi70,gsm8k/3,1,178,16
acc85/semi70,gsm8k/4,1,264,45
acc85/semi70,gsm8k/5,1,175,26
acc85/semi70,gsm8k/6,1,139,18
acc85/semi70,gsm8k/7,1,217,25
acc85/semi70,gsm8k/8,1,464,70
acc85/semi70,gsm8k/9,0,215,31
acc85/semi70,gsm8k/10,1,331,58
acc85/semi70,gsm8k/11,1,412,58
acc85/semi70,gsm8k/12,1,153,17
acc85/semi70,gsm8k/13,1,254,25
acc85/semi70,gsm8k/14,1,339,55
acc85/semi70,gsm8k/15,1,196,27
acc85/semi70,gsm8k/16,1,211,17
acc85/semi70,gsm8k/17,1,142,17
acc85/semi70,gsm8k/18,1,173,29
acc85/semi70,gsm8k/19,1,228,21
acc85/semi70,gsm8k/20,1,221,28
acc85/semi70,gsm8k/21,1,245,27
acc85/semi70,gsm8k/22,1,257,47
acc85/semi70,gsm8k/23,1,336,47
acc85/semi70,gsm8k/24,1,193,27
acc85/semi70,gsm8k/25,0,308,46
acc85/semi70,gsm8k/26,1,235,40
acc85/semi70,gsm8k/27,1,192,41
acc85/semi70,gsm8k/28,1,239,33
acc85/semi70,gsm8k/29,1,180,18
acc85/semi70,gsm8k/30,1,238,47
acc85/semi70,gsm8k/31,1,331,53
acc85/semi70,math500/0,1,324,53
acc85/semi70,math500/1,1,680,97
acc85/semi70,math500/2,1,417,24
acc85/semi70,math500/3,1,428,52
acc85/semi70,math500/4,0,619,94
acc85/semi70,math500/5,1,377,77
acc85/semi70,math500/6,1,668,120
acc85/semi70,math500/7,1,1953,332
acc85/semi70,math500/8,1,341,34
acc85/semi70,math500/9,0,3927,709
acc85/semi70,math500/10,0,4045,855
acc85/semi70,math500/11,0,4011,599
acc85/semi70,math500/12,1,1516,227
acc85/semi70,math500/13,1,304,34
acc85/semi70,math500/14,0,345,52
acc85/semi70,math500/15,1,842,100
acc85/semi70,math500/16,1,325,48
acc85/semi70,math500/17,1,1968,449
acc85/semi70,math500/18,0,3914,1024
acc85/semi70,math500/19,1,2179,504
acc85/semi70,math500/20,1,153,15
acc85/semi70,math500/21,0,3193,517
acc85/semi70,math500/22,0,3945,713
acc85/semi70,math500/23,1,2189,272
acc85/semi70,math500/24,1,658,96
acc85/semi70,math500/25,0,3992,656
acc85/semi70,math500/26,0,3538,1024
acc85/semi70,math500/27,1,306,41
acc85/semi70,math500/28,1,296,53
acc85/semi70,math500/29,1,363,59
acc85/semi70,math500/30,1,258,31
acc85/semi70,math500/31,1,243,42
acc85/semi90,gsm8k/0,1,177,31
acc85/semi90,gsm8k/1,1,213,45
acc85/semi90,gsm8k/2,1,381,41
acc85/semi90,gsm8k/3,1,177,16
acc85/semi90,gsm8k/4,1,267,40
acc85/semi90,gsm8k/5,1,174,23
acc85/semi90,gsm8k/6,1,139,20
acc85/semi90,gsm8k/7,1,216,32
acc85/semi90,gsm8k/8,1,487,98
acc85/semi90,gsm8k/9,0,201,35
acc85/semi90,gsm8k/10,1,385,63
acc85/semi90,gsm8k/11,0,448,76
acc85/semi90,gsm8k/12,1,152,17
acc85/semi90,gsm8k/13,1,327,26
acc85/semi90,gsm8k/14,1,390,74
acc85/semi90,gsm8k/15,1,190,35
acc85/semi90,gsm8k/16,1,220,21
acc85/semi90,gsm8k/17,1,143,13
acc85/semi90,gsm8k/18,1,173,26
acc85/semi90,gsm8k/19,1,232,22
acc85/semi90,gsm8k/20,1,222,25
acc85/semi90,gsm8k/21,1,245,28
acc85/semi90,gsm8k/22,1,272,39
acc85/semi90,gsm8k/23,1,331,43
acc85/semi90,gsm8k/24,1,191,24
acc85/semi90,gsm8k/25,0,278,33
acc85/semi90,gsm8k/26,1,221,39
acc85/semi90,gsm8k/27,1,192,45
acc85/semi90,gsm8k/28,1,236,48
acc85/semi90,gsm8k/29,1,178,20
acc85/semi90,gsm8k/30,1,224,30
acc85/semi90,gsm8k/31,1,322,48
acc85/semi90,math500/0,1,329,49
acc85/semi90,math500/1,1,746,112
acc85/semi90,math500/2,1,408,27
acc85/semi90,math500/3,0,424,59
acc85/semi90,math500/4,0,3710,493
acc85/semi90,math500/5,1,346,57
acc85/semi90,math500/6,1,599,108
acc85/semi90,math500/7,0,1095,123
acc85/semi90,math500/8,1,339,26
acc85/semi90,math500/9,0,3927,757
acc85/semi90,math500/10,1,1609,432
acc85/semi90,math500/11,0,4011,637
acc85/semi90,math500/12,1,742,93
acc85/semi90,math500/13,1,304,32
acc85/semi90,math500/14,0,294,43
acc85/semi90,math500/15,0,1404,156
acc85/semi90,math500/16,1,279,41
acc85/semi90,math500/17,0,3835,961
acc85/semi90,math500/18,0,3754,1024
acc85/semi90,math500/19,1,1705,301
acc85/semi90,math500/20,1,153,15
acc85/semi90,math500/21,1,1259,173
acc85/semi90,math500/22,0,3945,632
acc85/semi90,math500/23,1,582,65
acc85/semi90,math500/24,1,1048,133
acc85/semi90,math500/25,1,1583,224
acc85/semi90,math500/26,0,1462,437
acc85/semi90,math500/27,1,357,46
acc85/semi90,math500/28,1,258,46
acc85/semi90,math500/29,1,373,47
acc85/semi90,math500/30,1,224,23
acc85/semi90,math500/31,1,246,42
acc90/semi70,gsm8k/0,1,170,28
acc90/semi70,gsm8k/1,0,219,48
acc90/semi70,gsm8k/2,1,387,45
acc90/semi70,gsm8k/3,1,178,22
acc90/semi70,gsm8k/4,1,239,45
acc90/semi70,gsm8k/5,1,137,22
acc90/semi70,gsm8k/6,1,139,19
acc90/semi70,gsm8k/7,1,235,34
acc90/semi70,gsm8k/8,1,467,74
acc90/semi70,gsm8k/9,0,179,35
acc90/semi70,gsm8k/10,0,404,72
acc90/semi70,gsm8k/11,0,493,103
acc90/semi70,gsm8k/12,1,153,18
acc90/semi70,gsm8k/13,1,325,28
acc90/semi70,gsm8k/14,1,380,70
acc90/semi70,gsm8k/15,1,206,40
acc90/semi70,gsm8k/16,1,200,23
acc90/semi70,gsm8k/17,1,137,17
acc90/semi70,gsm8k/18,1,174,28
acc90/semi70,gsm8k/19,1,244,28
acc90/semi70,gsm8k/20,1,206,26
acc90/semi70,gsm8k/21,1,240,49
acc90/semi70,gsm8k/22,1,248,52
acc90/semi70,gsm8k/23,1,300,50
acc90/semi70,gsm8k/24,1,192,29
acc90/semi70,gsm8k/25,0,279,48
acc90/semi70,gsm8k/26,1,241,45
acc90/semi70,gsm8k/27,1,194,43
acc90/semi70,gsm8k/28,1,224,38
acc90/semi70,gsm8k/29,1,176,24
acc90/semi70,gsm8k/30,1,188,29
acc90/semi70,gsm8k/31,1,368,59
acc90/semi70,math500/0,1,342,58
acc90/semi70,math500/1,1,688,102
acc90/semi70,math500/2,1,416,29
acc90/semi70,math500/3,1,330,50
acc90/semi70,math500/4,0,688,101
acc90/semi70,math500/5,1,313,56
acc90/semi70,math500/6,1,571,132
acc90/semi70,math500/7,1,713,96
acc90/semi70,math500/8,1,322,32
acc90/semi70,math500/9,0,3927,901
acc90/semi70,math500/10,1,3291,749
acc90/semi70,math500/11,0,4011,584
acc90/semi70,math500/12,1,744,106
acc90/semi70,math500/13,1,248,23
acc90/semi70,math500/14,0,360,71
acc90/semi70,math500/15,0,1021,144
acc90/semi70,math500/16,1,305,59
acc90/semi70,math500/17,1,2944,586
acc90/semi70,math500/18,0,3594,1024
acc90/semi70,math500/19,1,1661,348
acc90/semi70,math500/20,1,140,17
acc90/semi70,math500/21,1,1613,264
acc90/semi70,math500/22,0,3945,727
acc90/semi70,math500/23,1,570,72
acc90/semi70,math500/24,1,1034,130
acc90/semi70,math500/25,0,1697,270
acc90/semi70,math500/26,0,3442,1024
acc90/semi70,math500/27,1,297,41
acc90/semi70,math500/28,1,353,87
acc90/semi70,math500/29,1,402,64
acc90/semi70,math500/30,1,252,29
acc90/semi70,math500/31,1,233,30
acc90/semi90,gsm8k/0,1,178,35
acc90/semi90,gsm8k/1,0,208,52
acc90/semi90,gsm8k/2,1,376,47
acc90/semi90,gsm8k/3,1,178,22
acc90/semi90,gsm8k/4,1,265,52
acc90/semi90,gsm8k/5,1,174,26
acc90/semi90,gsm8k/6,1,139,20
acc90/semi90,gsm8k/7,1,234,37
acc90/semi90,gsm8k/8,1,468,78
acc90/semi90,gsm8k/9,0,212,42
acc90/semi90,gsm8k/10,1,435,83
acc90/semi90,gsm8k/11,1,429,76
acc90/semi90,gsm8k/12,1,148,20
acc90/semi90,gsm8k/13,1,325,30
acc90/semi90,gsm8k/14,1,376,82
acc90/semi90,gsm8k/15,1,188,45
acc90/semi90,gsm8k/16,1,211,19
acc90/semi90,gsm8k/17,1,138,17
acc90/semi90,gsm8k/18,1,182,29
acc90/semi90,gsm8k/19,1,232,26
acc90/semi90,gsm8k/20,1,206,24
acc90/semi90,gsm8k/21,1,248,42
acc90/semi90,gsm8k/22,1,294,47
acc90/semi90,gsm8k/23,1,309,53
acc90/semi90,gsm8k/24,1,192,27
acc90/semi90,gsm8k/25,0,298,46
acc90/semi90,gsm8k/26,1,202,41
acc90/semi90,gsm8k/27,1,191,52
acc90/semi90,gsm8k/28,1,227,43
acc90/semi90,gsm8k/29,1,175,26
acc90/semi90,gsm8k/30,1,187,30
acc90/semi90,gsm8k/31,0,373,70
acc90/semi90,math500/0,1,412,86
acc90/semi90,math500/1,1,685,86
acc90/semi90,math500/2,1,407,28
acc90/semi90,math500/3,1,336,49
acc90/semi90,math500/4,0,675,103
acc90/semi90,math500/5,1,356,74
acc90/semi90,math500/6,1,809,157
acc90/semi90,math500/7,0,2103,417
acc90/semi90,math500/8,1,318,25
acc90/semi90,math500/9,0,3927,942
acc90/semi90,math500/10,1,1228,348
acc90/semi90,math500/11,0,4011,750
acc90/semi90,math500/12,0,677,80
acc90/semi90,math500/13,1,307,21
acc90/semi90,math500/14,0,605,147
acc90/semi90,math500/15,1,840,103
acc90/semi90,math500/16,1,259,36
acc90/semi90,math500/17,0,3835,822
acc90/semi90,math500/18,0,3146,1024
acc90/semi90,math500/19,1,1282,276
acc90/semi90,math500/20,1,140,19
acc90/semi90,math500/21,1,1544,245
acc90/semi90,math500/22,0,3945,614
acc90/semi90,math500/23,1,762,101
acc90/semi90,math500/24,1,1023,146
acc90/semi90,math500/25,0,1595,236
acc90/semi90,math500/26,1,1195,409
acc90/semi90,math500/27,1,359,52
acc90/semi90,math500/28,1,257,58
acc90/semi90,math500/29,1,414,63
acc90/semi90,math500/30,1,236,27
acc90/semi90,math500/31,1,251,52
acc95/semi70,gsm8k/0,1,170,33
acc95/semi70,gsm8k/1,1,230,58
acc95/semi70,gsm8k/2,1,235,39
acc95/semi70,gsm8k/3,1,221,38
acc95/semi70,gsm8k/4,1,237,45
acc95/semi70,gsm8k/5,1,140,30
acc95/semi70,gsm8k/6,1,139,23
acc95/semi70,gsm8k/7,1,215,39
acc95/semi70,gsm8k/8,1,444,99
acc95/semi70,gsm8k/9,0,215,41
acc95/semi70,gsm8k/10,1,366,79
acc95/semi70,gsm8k/11,1,426,86
acc95/semi70,gsm8k/12,1,149,22
acc95/semi70,gsm8k/13,1,354,44
acc95/semi70,gsm8k/14,1,388,100
acc95/semi70,gsm8k/15,1,187,43
acc95/semi70,gsm8k/16,1,203,21
acc95/semi70,gsm8k/17,1,141,22
acc95/semi70,gsm8k/18,1,164,41
acc95/semi70,gsm8k/19,1,232,31
acc95/semi70,gsm8k/20,1,231,39
acc95/semi70,gsm8k/21,1,252,41
acc95/semi70,gsm8k/22,1,285,49
acc95/semi70,gsm8k/23,1,311,71
acc95/semi70,gsm8k/24,1,194,32
acc95/semi70,gsm8k/25,0,275,55
acc95/semi70,gsm8k/26,1,241,58
acc95/semi70,gsm8k/27,1,190,60
acc95/semi70,gsm8k/28,1,235,56
acc95/semi70,gsm8k/29,1,173,27
acc95/semi70,gsm8k/30,1,188,37
acc95/semi70,gsm8k/31,1,376,114
acc95/semi70,math500/0,1,352,92
acc95/semi70,math500/1,1,774,126
acc95/semi70,math500/2,1,403,31
acc95/semi70,math500/3,1,358,56
acc95/semi70,math500/4,0,3710,910
acc95/semi70,math500/5,1,342,74
acc95/semi70,math500/6,1,558,123
acc95/semi70,math500/7,1,843,138
acc95/semi70,math500/8,1,341,29
acc95/semi70,math500/9,0,3927,914
acc95/semi70,math500/10,1,2049,789
acc95/semi70,math500/11,0,4011,855
acc95/semi70,math500/12,1,895,150
acc95/semi70,math500/13,1,278,46
acc95/semi70,math500/14,0,324,64
acc95/semi70,math500/15,1,857,149
acc95/semi70,math500/16,1,223,43
acc95/semi70,math500/17,0,3419,1024
acc95/semi70,math500/18,0,2762,1024
acc95/semi70,math500/19,1,1408,388
acc95/semi70,math500/20,1,152,29
acc95/semi70,math500/21,0,3173,673
acc95/semi70,math500/22,0,3945,941
acc95/semi70,math500/23,1,548,54
acc95/semi70,math500/24,1,548,121
acc95/semi70,math500/25,0,2196,509
acc95/semi70,math500/26,0,3090,1024
acc95/semi70,math500/27,1,320,58
acc95/semi70,math500/28,1,271,57
acc95/semi70,math500/29,1,392,72
acc95/semi70,math500/30,1,232,38
acc95/semi70,math500/31,1,278,53
acc95/semi90,gsm8k/0,1,159,48
acc95/semi90,gsm8k/1,1,213,66
acc95/semi90,gsm8k/2,1,379,47
acc95/semi90,gsm8k/3,1,178,23
acc95/semi90,gsm8k/4,1,248,59
acc95/semi90,gsm8k/5,1,141,31
acc95/semi90,gsm8k/6,1,142,28
acc95/semi90,gsm8k/7,1,245,39
acc95/semi90,gsm8k/8,1,430,96
acc95/semi90,gsm8k/9,0,199,47
acc95/semi90,gsm8k/10,1,424,100
acc95/semi90,gsm8k/11,1,437,97
acc95/semi90,gsm8k/12,1,149,21
acc95/semi90,gsm8k/13,1,325,41
acc95/semi90,gsm8k/14,1,342,89
acc95/semi90,gsm8k/15,1,188,49
acc95/semi90,gsm8k/16,1,218,29
acc95/semi90,gsm8k/17,1,141,22
acc95/semi90,gsm8k/18,1,192,49
acc95/semi90,gsm8k/19,1,232,29
acc95/semi90,gsm8k/20,1,231,39
acc95/semi90,gsm8k/21,1,245,40
acc95/semi90,gsm8k/22,1,296,53
acc95/semi90,gsm8k/23,1,300,67
acc95/semi90,gsm8k/24,1,193,35
acc95/semi90,gsm8k/25,0,250,51
acc95/semi90,gsm8k/26,1,197,53
acc95/semi90,gsm8k/27,1,183,50
acc95/semi90,gsm8k/28,1,240,53
acc95/semi90,gsm8k/29,1,168,36
acc95/semi90,gsm8k/30,1,184,38
acc95/semi90,gsm8k/31,1,353,73
acc95/semi90,math500/0,0,391,86
acc95/semi90,math500/1,1,651,101
acc95/semi90,math500/2,1,403,31
acc95/semi90,math500/3,1,335,54
acc95/semi90,math500/4,0,1801,708
acc95/semi90,math500/5,1,365,96
acc95/semi90,math500/6,1,714,160
acc95/semi90,math500/7,1,759,131
acc95/semi90,math500/8,1,339,35
acc95/semi90,math500/9,0,3927,1016
acc95/semi90,math500/10,1,1625,599
acc95/semi90,math500/11,0,4011,859
acc95/semi90,math500/12,1,767,141
acc95/semi90,math500/13,1,297,36
acc95/semi90,math500/14,0,392,98
acc95/semi90,math500/15,1,810,136
acc95/semi90,math500/16,1,277,43
acc95/semi90,math500/17,0,3451,1024
acc95/semi90,math500/18,0,2474,1024
acc95/semi90,math500/19,1,3225,898
acc95/semi90,math500/20,1,140,25
acc95/semi90,math500/21,0,3531,1024
acc95/semi90,math500/22,1,1620,396
acc95/semi90,math500/23,1,545,63
acc95/semi90,math500/24,1,927,145
acc95/semi90,math500/25,0,1607,303
acc95/semi90,math500/26,0,3410,1024
acc95/semi90,math500/27,1,313,59
acc95/semi90,math500/28,1,286,74
acc95/semi90,math500/29,1,421,84
acc95/semi90,math500/30,1,235,32
acc95/semi90,math500/31,1,248,66
acc99/semi70,gsm8k/0,1,169,48
acc99/semi70,gsm8k/1,0,221,79
acc99/semi70,gsm8k/2,1,377,67
acc99/semi70,gsm8k/3,1,228,49
acc99/semi70,gsm8k/4,1,249,79
acc99/semi70,gsm8k/5,1,140,41
acc99/semi70,gsm8k/6,1,140,37
acc99/semi70,gsm8k/7,1,245,57
acc99/semi70,gsm8k/8,1,449,136
acc99/semi70,gsm8k/9,0,215,61
acc99/semi70,gsm8k/10,1,362,107
acc99/semi70,gsm8k/11,1,401,97
acc99/semi70,gsm8k/12,1,153,34
acc99/semi70,gsm8k/13,1,325,57
acc99/semi70,gsm8k/14,1,357,105
acc99/semi70,gsm8k/15,1,191,64
acc99/semi70,gsm8k/16,1,212,35
acc99/semi70,gsm8k/17,1,140,29
acc99/semi70,gsm8k/18,1,194,56
acc99/semi70,gsm8k/19,1,232,44
acc99/semi70,gsm8k/20,1,219,38
acc99/semi70,gsm8k/21,1,244,59
acc99/semi70,gsm8k/22,1,295,64
acc99/semi70,gsm8k/23,1,297,86
acc99/semi70,gsm8k/24,1,196,64
acc99/semi70,gsm8k/25,0,282,77
acc99/semi70,gsm8k/26,1,214,72
acc99/semi70,gsm8k/27,1,204,96
acc99/semi70,gsm8k/28,1,241,69
acc99/semi70,gsm8k/29,1,180,43
acc99/semi70,gsm8k/30,1,190,54
acc99/semi70,gsm8k/31,1,346,123
acc99/semi70,math500/0,1,299,80
acc99/semi70,math500/1,1,776,170
acc99/semi70,math500/2,1,403,36
acc99/semi70,math500/3,1,585,113
acc99/semi70,math500/4,0,693,237
acc99/semi70,math500/5,1,372,121
acc99/semi70,math500/6,1,687,204
acc99/semi70,math500/7,1,870,246
acc99/semi70,math500/8,1,361,45
acc99/semi70,math500/9,0,3927,1008
acc99/semi70,math500/10,1,1297,553
acc99/semi70,math500/11,0,3467,1024
acc99/semi70,math500/12,1,632,160
acc99/semi70,math500/13,1,304,47
acc99/semi70,math500/14,0,425,161
acc99/semi70,math500/15,1,788,176
acc99/semi70,math500/16,1,268,59
acc99/semi70,math500/17,1,2683,1024
acc99/semi70,math500/18,0,2122,1024
acc99/semi70,math500/19,1,1424,508
acc99/semi70,math500/20,1,140,30
acc99/semi70,math500/21,0,2119,586
acc99/semi70,math500/22,1,2921,1024
acc99/semi70,math500/23,1,596,90
acc99/semi70,math500/24,1,2526,661
acc99/semi70,math500/25,0,1517,354
acc99/semi70,math500/26,1,2578,1024
acc99/semi70,math500/27,1,351,92
acc99/semi70,math500/28,1,292,79
acc99/semi70,math500/29,1,385,93
acc99/semi70,math500/30,1,237,58
acc99/semi70,math500/31,1,278,62
acc99/semi90,gsm8k/0,1,168,62
acc99/semi90,gsm8k/1,0,213,85
acc99/semi90,gsm8k/2,1,399,101
acc99/semi90,gsm8k/3,1,228,53
acc99/semi90,gsm8k/4,1,248,86
acc99/semi90,gsm8k/5,1,137,44
acc99/semi90,gsm8k/6,1,139,36
acc99/semi90,gsm8k/7,1,245,63
acc99/semi90,gsm8k/8,1,420,128
acc99/semi90,gsm8k/9,0,199,65
acc99/semi90,gsm8k/10,1,397,139
acc99/semi90,gsm8k/11,0,476,133
acc99/semi90,gsm8k/12,1,153,35
acc99/semi90,gsm8k/13,1,329,59
acc99/semi90,gsm8k/14,1,340,130
acc99/semi90,gsm8k/15,1,180,55
acc99/semi90,gsm8k/16,1,220,37
acc99/semi90,gsm8k/17,1,141,31
acc99/semi90,gsm8k/18,1,190,50
acc99/semi90,gsm8k/19,1,232,45
acc99/semi90,gsm8k/20,1,223,40
acc99/semi90,gsm8k/21,1,245,60
acc99/semi90,gsm8k/22,1,296,64
acc99/semi90,gsm8k/23,1,324,107
acc99/semi90,gsm8k/24,1,204,56
acc99/semi90,gsm8k/25,0,292,87
acc99/semi90,gsm8k/26,1,220,80
acc99/semi90,gsm8k/27,1,200,78
acc99/semi90,gsm8k/28,1,231,73
acc99/semi90,gsm8k/29,1,212,48
acc99/semi90,gsm8k/30,1,185,60
acc99/semi90,gsm8k/31,1,363,134
acc99/semi90,math500/0,1,354,98
acc99/semi90,math500/1,1,644,150
acc99/semi90,math500/2,1,403,35
acc99/semi90,math500/3,1,335,64
acc99/semi90,math500/4,0,3710,949
acc99/semi90,math500/5,1,321,115
acc99/semi90,math500/6,1,596,192
acc99/semi90,math500/7,0,3234,1024
acc99/semi90,math500/8,1,339,46
acc99/semi90,math500/9,0,1911,1024
acc99/semi90,math500/10,1,1353,661
acc99/semi90,math500/11,0,3787,1024
acc99/semi90,math500/12,1,722,186
acc99/semi90,math500/13,1,318,51
acc99/semi90,math500/14,0,496,178
acc99/semi90,math500/15,1,964,240
acc99/semi90,math500/16,1,296,63
acc99/semi90,math500/17,0,2459,1024
acc99/semi90,math500/18,0,1962,1024
acc99/semi90,math500/19,1,1675,606
acc99/semi90,math500/20,1,140,31
acc99/semi90,math500/21,0,2770,828
acc99/semi90,math500/22,0,2921,1024
acc99/semi90,math500/23,1,555,98
acc99/semi90,math500/24,1,1230,300
acc99/semi90,math500/25,0,1579,399
acc99/semi90,math500/26,0,2066,1024
acc99/semi90,math500/27,1,349,87
acc99/semi90,math500/28,1,286,97
acc99/semi90,math500/29,1,391,88
acc99/semi90,math500/30,1,226,50
acc99/semi90,math500/31,1,302,89
